"","baseMean","log2FoldChange","lfcSE","stat","pvalue","padj"
"DGKZP1",11.2773678819978,-2.64862330204595,0.700838746396768,-3.77921927927551,0.000157320840440563,0.00336794209870918
"GALNT8",46.3823930241856,-2.3929174986212,0.542108760689112,-4.4140911790088,1.01435203802475e-05,0.000309267513976103
"LINC03096",28.6585758098953,-2.04854401817351,0.382325864484588,-5.35810994878712,8.40970600038519e-08,3.84954861930911e-06
"SPATA31D1",30.5416855198751,-1.33767649764481,0.435025761722847,-3.07493628043353,0.00210547530888248,0.030062200712032
"PRICKLE2-AS2",22.5620819474118,-1.46660536836192,0.375778871492004,-3.90284148371319,9.50699693313693e-05,0.00222106065280243
"PPP2R5CP",17.1365594638074,-1.24236976862087,0.383797279194878,-3.23704683687985,0.00120773587832114,0.0191368355729102
"PLPPR4",23.5523986746374,-1.05483798055771,0.317684594080314,-3.32039387560304,0.00089890527711055,0.014885695133014
"HAUS4",88.0965108379368,-2.67592322871225,0.456980095822526,-5.85566691673039,4.75099573345878e-09,2.68391534895827e-07
"CNOT9",30.6575116734168,-1.81301260103652,0.539486331168584,-3.36062750118124,0.000777656281067581,0.0131485407842968
"ANKRD55",155.299487551259,-2.74005906754349,0.437762400839986,-6.25923803023241,3.86863007981364e-10,2.46585021426914e-08
"BPESC1",37.252713471433,-0.978537667702627,0.32953204545522,-2.96947650827361,0.00298307620058176,0.0402453195719062
"GGA2",69.2862762810493,-1.06015723349323,0.27240637294567,-3.89182243436232,9.94940524173122e-05,0.00230845335079783
"BTG2",40.3936127755663,-0.898401953363143,0.254577139139701,-3.52899697278057,0.000417137902176682,0.00774272121501795
"DOCK4-AS1",54.5933075234547,-1.13959405521483,0.214726362759591,-5.3071920958803,1.11326837497057e-07,4.97466034963703e-06
"RAD51C",76.6694465419487,-0.672954029558976,0.197379959086229,-3.40943443637549,0.000650977231420352,0.0112660414097553
"ECM1",67.8261328789077,-1.29862410093607,0.287268405998881,-4.52059493427598,6.16660831307869e-06,0.000198400344792785
"UBE2E3",58.4906826463222,-1.00303791511688,0.253233662604386,-3.96091856351608,7.46619947963434e-05,0.00179646118818381
"GRID1",296.487148990361,-2.67649424561827,0.421010734432924,-6.35730642170764,2.05322164639285e-10,1.36003791487144e-08
"EIF4E3",65.7511520483126,-0.766373145692943,0.208001734477719,-3.6844555533023,0.000229192013261072,0.00464739771427702
"CLUHP5",73.9184373868717,-0.706226118108096,0.186097097626744,-3.79493354337302,0.000147683008645551,0.00318991521615345
"GRIA2",94.0775739971659,-0.554875754212879,0.17433283719598,-3.18285277253363,0.00145831746274017,0.0221714133781676
"PAGE4",166.934432895005,-1.11241368300988,0.335321098837837,-3.31745806292925,0.000908405516848299,0.0150205970000167
"RORA-AS1",932.257858862629,-2.41167185572575,0.79265750080382,-3.04251439402278,0.00234610596549914,0.0329410439428478
"DUX4L25",97.884325400274,-1.17319424651909,0.387317788913048,-3.02902236897377,0.00245346516118098,0.034334283378217
"FAM83E",117.249971412504,-0.903196135171652,0.21729281942213,-4.15658528235593,3.23039618520354e-05,0.000862000346986936
"RN7SL861P",99.6568611897122,-0.706872130258864,0.225016032041721,-3.14143007431488,0.00168124950227845,0.0248886812821958
"GJB2",127.715229155403,-0.504908676007867,0.147640362136762,-3.41985530718329,0.000626544517659625,0.0108698715241071
"GINS3",131.718251314688,-0.744268455890025,0.196063343957005,-3.79606121607943,0.000147013210968017,0.00318991521615345
"FBXL15",122.0283401813,-0.804826653763448,0.181772628067361,-4.4276559255401,9.52627036606485e-06,0.000293093320133336
"KHSRPP1",142.838535979681,-0.532889724301318,0.137228622600948,-3.88322577463251,0.000103079772364124,0.00236887134013935
"NECTIN2",214.226285993078,-1.45570012407263,0.15636984464642,-9.30934047651088,1.28628561240141e-20,2.02363584239766e-18
"CYP2W1",132.01908395942,-0.914749070897847,0.262084990299266,-3.49027645518091,0.000482521110741206,0.00872637492544502
"EEIG2",120.165277367913,-0.524187020425362,0.164470026787935,-3.18712795676285,0.00143693189532568,0.0218856777673094
"IRAK4",173.317314999962,-0.688412071323608,0.196186921284507,-3.50896006123306,0.000449862452955929,0.00825040900421129
"BNIP3P10",133.094387826895,-0.649867191030896,0.219176272189317,-2.96504354481202,0.0030264008869942,0.0406028096761073
"CORO1B",159.658725572259,-0.660340641030323,0.157849528258723,-4.18335517574682,2.87238099282993e-05,0.0007725698622594
"BZW2",238.682340169989,-0.813344748605939,0.259869757047254,-3.12981686613899,0.00174915312384083,0.0256689360684583
"SKIDA1",236.887343537955,-0.660270317158455,0.22823460942902,-2.89294563524029,0.00381647349576701,0.0496641400747308
"MLXIPL",195.436196607594,-0.724031238339255,0.180106790260922,-4.02001077966214,5.81954785565404e-05,0.00143647378677732
"ITGB1BP1",184.762498200921,-0.510842075863392,0.17112807438036,-2.98514476781853,0.00283444143910397,0.0385479471400202
"CDC27",173.592101399641,-0.559666988401418,0.147375291869561,-3.79756322312676,0.00014612551332204,0.00318478199422267
"NFKBIA",225.340979388378,-1.0198577711318,0.155046324320469,-6.57776168252675,4.77582869664543e-11,3.33341002128256e-09
"MADD-AS1",312.863984129247,-1.15594023290132,0.282821647679563,-4.08717027987545,4.36666626488727e-05,0.00112434999817395
"SELENOW",302.218972561026,-1.26840553228145,0.223639145623959,-5.67166150068482,1.41419195397713e-08,7.30492853046717e-07
"RIMBP3C",236.921072541754,-0.474246725391779,0.120375472718811,-3.93972887233919,8.15737471551555e-05,0.00194338810041993
"COMT",222.99319028127,-0.837513259145757,0.126920600580319,-6.59871805929372,4.14728146754537e-11,2.91882213617954e-09
"SIPA1L2",419.384608515214,-1.97007870304018,0.144479253140053,-13.6357204250665,2.45553860408788e-42,1.29614070505151e-39
"PSMC1P12",213.459828832246,-0.535361587122173,0.166883962224647,-3.2079870347368,0.00133667524251688,0.0208090152270532
"TUBAP9",272.192934832999,-1.49682679176519,0.256738063313732,-5.8301709238029,5.53706305184219e-09,3.08940369582351e-07
"PRAMEF8",340.123388557621,-1.18877110019958,0.153256508885216,-7.75674135373869,8.7139391274794e-15,8.8666955302563e-13
"ME2",229.569756639489,-0.367524734387132,0.112628739428672,-3.26315233795089,0.00110180276894078,0.0178432891372759
"RPS26P47",279.103886277566,-0.517059896764895,0.123398629649348,-4.19015914710062,2.78758869637657e-05,0.000752159116142118
"MTND2P29",265.873397904926,-0.665187372279151,0.130581297768134,-5.09404779741343,3.50498339981901e-07,1.44045436998401e-05
"RPSAP21",666.680088713258,-2.41623679086538,0.115012475067624,-21.008475727913,5.48678537240299e-98,1.54462152875432e-94
"SUGP2",518.615416484646,-1.20584107474662,0.32953894787654,-3.659176199101,0.000253027329708987,0.00502809956013471
"ELF2",311.342948244581,-0.810787750003138,0.20611868138985,-3.93359662761294,8.36841750225886e-05,0.00198805822827925
"TTLL9",360.509420329623,-0.812998897763241,0.134259377897232,-6.05543471522372,1.40038961610033e-09,8.42862341324279e-08
"LINC01517",308.063448318981,-0.723933276943888,0.121796806183457,-5.94377882005754,2.78525361301333e-09,1.60565593096956e-07
"RPP38-DT",346.337222102925,-1.14574003790612,0.0983693285050496,-11.6473300704427,2.36760871059386e-31,7.54552428880018e-29
"SPPL3",373.059127133522,-1.06248631016951,0.137130211496554,-7.74801043894117,9.33434685011921e-15,9.44110494882417e-13
"FAM90A25P",318.300862125442,-0.638412414879291,0.109778248040282,-5.8154727942555,6.04627467962867e-09,3.34844674142976e-07
"FRG1DP",285.164553387155,-0.620238317423788,0.171413764369974,-3.61836938651604,0.00029646505581192,0.00580253911670815
"CALM2P3",346.311042076504,-0.963547069995534,0.130566640878335,-7.37973393137522,1.58606172603045e-13,1.48011981294919e-11
"FXYD6-AS1",314.566655249708,-0.489391340750491,0.165699300347651,-2.95349068899934,0.00314202086871462,0.0418878251724219
"NMUR1",315.984776592549,-0.32639696203955,0.111679038020284,-2.92263407552156,0.00347084153016629,0.0456944538472633
"SUPT4H1P2",335.466228662707,-0.426769302921549,0.126481541399036,-3.37416272920914,0.000740405843618654,0.0126197730621218
"SPATA17",1441.12318530501,-2.63800192699944,0.383044739129044,-6.88692901251602,5.70096515333402e-12,4.49976646752173e-10
"USF3",384.40252509147,-0.885577115033605,0.107844664691768,-8.21159876165113,2.18262578223548e-16,2.57809315298878e-14
"TTC23L",369.616255390041,-0.865105408384978,0.201312948230011,-4.29731627295303,1.72878446409877e-05,0.000488309337509904
"DHRS4",317.870974914083,-0.584873802416451,0.126726025622871,-4.61526193646284,3.92599840157872e-06,0.000133160720885675
"SLCO1B3",436.110693778414,-0.737349794474327,0.144063570877214,-5.11822516951752,3.08424252677031e-07,1.28631951900438e-05
"STRC",592.566798270243,-0.969532035593399,0.1726799137971,-5.61461964089583,1.96995088419088e-08,9.81546914007908e-07
"RPL15P9",506.291503804496,-1.2456245318768,0.12494946592707,-9.96902645909547,2.08260128943142e-23,3.95249644716697e-21
"MIR4733HG",334.841129108405,-0.337668337547336,0.0878622666570967,-3.84315532019185,0.000121462543856891,0.00271206344823403
"RNU1-3",359.027610945997,-0.556927546602252,0.14492048708984,-3.84298699090764,0.000121545913818789,0.00271206344823403
"RSPH6A",387.33033046647,-0.639820792235804,0.14560388736224,-4.39425625116745,1.11152641056683e-05,0.000332297214174945
"EIF5AP2",357.70422427227,-0.245230999705523,0.0845802550067141,-2.89938827550303,0.00373891568362276,0.0488052741978919
"PRRC2A",910.742882028493,-1.62652579301252,0.209607335465892,-7.75987056653937,8.50161054798171e-15,8.70307295551267e-13
"MIR6071",400.29513595576,-0.444559852563127,0.138002747379995,-3.22138407389106,0.00127573060644998,0.0200263621501362
"SEPSECS-AS1",476.169015594408,-1.00129749727385,0.284913663530354,-3.51438918325926,0.000440766533072378,0.00809237772839733
"IMPDH1P3",395.51259208769,-0.799357284896914,0.229360476947069,-3.48515705729626,0.000491848254784167,0.00886639153848384
"H3-7",341.066726022529,-0.563612042731284,0.178563283701573,-3.15637140540735,0.00159745309015452,0.0238151634120035
"MAGEF1",395.009495374984,-0.756683700386543,0.197939759004611,-3.82279792696381,0.000131945907489491,0.00291714440236255
"RAB1B",449.17663893381,-0.374821108641164,0.103406927719388,-3.62471951258725,0.000289275230691218,0.00568156735070391
"MIR7111",406.313661020456,-0.342473764254442,0.103237851482561,-3.31732750475044,0.000908830154165951,0.0150205970000167
"DUXAP8",498.202505127881,-0.55627895267253,0.143908809544671,-3.86549617381036,0.000110863587123285,0.00250869004741869
"RNU6-343P",459.138540516824,-0.454314709439143,0.105064176628835,-4.32416380175062,1.53111504505343e-05,0.000439084282275001
"MMP14",481.58056514037,-0.62018989918509,0.151998426973858,-4.08023893097103,4.49894327471683e-05,0.00115488831083954
"MAGEH1",418.034740791215,-0.613050105451788,0.200495809852284,-3.05767041168319,0.00223064768943975,0.031608951444905
"SNRPEP11",490.68791502219,-1.26367999784665,0.27962404764381,-4.51921073489482,6.2070589280952e-06,0.000199322114742312
"SCRG1",711.896289056906,-1.2995204654379,0.190255106287765,-6.83041044623707,8.467202318736e-12,6.47147123827013e-10
"H4C4",498.122695269415,-0.845209306661661,0.144992392963255,-5.82933552159431,5.56485154838275e-09,3.09197064157016e-07
"MAMDC4",761.591705684047,-1.04875834758578,0.202747794120923,-5.17272383718401,2.30705869537128e-07,9.76654847707174e-06
"SMAD3",523.022411555521,-0.8830128901175,0.0987668045857906,-8.94038127304705,3.87829932257001e-19,5.42333803813741e-17
"RPL36P3",537.751980036567,-1.31329241326889,0.399590999607972,-3.28659157628007,0.00101407795262064,0.0165176380884428
"MEAK7",555.781466163521,-0.821377697969005,0.0825630079968795,-9.94849531160552,2.56024899311819e-23,4.80501841586216e-21
"SLC9B2",457.706513357657,-0.633695199803054,0.151504496653542,-4.18268245365797,2.88089649462388e-05,0.000773628341664419
"MYT1L",553.04954963558,-0.881113266592101,0.153792957902083,-5.72921724512959,1.00895113898885e-08,5.34238046666477e-07
"MAP7D1",488.916242018914,-0.823232650447915,0.263886161381728,-3.11965070899287,0.00181065608491898,0.0264922223822376
"MAMDC2-AS1",537.264134226285,-0.429127582583795,0.106202594835763,-4.04065063803214,5.33031139376547e-05,0.00133979597845376
"LINC01829",522.384034805004,-0.423344597873349,0.102525314683903,-4.12917140687221,3.64072916408165e-05,0.000956385012605027
"RING1",707.436082946463,-1.69056604945587,0.192318357105968,-8.79045596528446,1.48954186128559e-18,1.99681361737895e-16
"UBALD2",541.580474910651,-0.506405560119333,0.0888492407640663,-5.69960481107613,1.20085476285503e-08,6.27976402457718e-07
"LRRC27",519.153502510397,-0.979785237084063,0.263932640958236,-3.71225489021308,0.000205420959794034,0.00421599687956383
"RNFT1",574.617623679433,-0.731178338782611,0.104946981081237,-6.96712121920519,3.23491931620391e-12,2.62697221971155e-10
"CORO6",488.579196264849,-0.472528575782558,0.137369439703738,-3.43983768734625,0.000582063150157263,0.010211032955676
"METTL21AP1",569.751631487506,-0.730513348209363,0.0697070842378093,-10.4797576343486,1.07017644137456e-25,2.44275003665645e-23
"JUNB",474.250908764021,-0.366711516035631,0.114279310683539,-3.20890556516501,0.00133241246828481,0.0207617887470468
"LINC01956",563.530177822643,-0.505423797242087,0.0948811250332236,-5.32691614970952,9.98942498314188e-08,4.52362942065012e-06
"RBM41",540.271704741821,-0.557696113441926,0.172388255347043,-3.23511664016322,0.00121593047348838,0.0192306007749927
"NOTCH2NLA",665.030274592299,-1.92839105294923,0.601778096055486,-3.20448860732782,0.00135302644975836,0.0210054869144012
"ZNFX1",779.262347520745,-0.809449470571893,0.125506385048815,-6.44946844941045,1.12243123200917e-10,7.7069048536044e-09
"STAC",2418.68086703155,-2.60264309302164,0.512903371215425,-5.07433415158526,3.88855211293522e-07,1.57509673236424e-05
"RN7SKP132",576.561634880586,-0.386365290773421,0.0740747765996032,-5.21588195752305,1.82944657526173e-07,7.80779647022623e-06
"NALF2",657.098238986963,-0.61829744867807,0.137229389963686,-4.5055760201345,6.61931359252072e-06,0.000210558994145513
"PEPD",687.24237602817,-1.01137496963892,0.126251241539868,-8.0108120704662,1.13953467290303e-15,1.25184592964962e-13
"RPLP0P5",879.195719835359,-1.15252601128834,0.322095972773528,-3.57820683495072,0.000345959631083726,0.00662771015919151
"RNU6-968P",666.980024329056,-1.23852980173783,0.309248866245596,-4.00496149516755,6.20275839452815e-05,0.00152504791909716
"LPCAT1",552.578426609364,-0.67022883074623,0.197810874979659,-3.38823045403924,0.000703451325822208,0.0120507062317068
"FOXC2-AS1",621.046159309391,-0.377245492213847,0.117634149881046,-3.20693856839469,0.00134155640795133,0.0208657728238545
"USH1G",540.726566706896,-0.399019475122529,0.0808600458646015,-4.93469266379936,8.0277067681117e-07,3.13248433520806e-05
"SLIRPP1",838.227495050809,-1.67553636752735,0.191974109567922,-8.72792884050093,2.59378759288396e-18,3.39625319623279e-16
"FOXD4L3",521.517359215241,-0.362523793863751,0.104540639532867,-3.46777861206576,0.000524779429779588,0.00935026302574581
"RPL6",1053.23597569999,-1.31781254611371,0.273410392489876,-4.81990656650884,1.43625470860412e-06,5.34784581166969e-05
"TRMT112P3",661.260665947514,-0.556453213217814,0.123729707632862,-4.49732908824899,6.88124364228409e-06,0.000218069580416174
"RPSAP36",575.770622300407,-0.416889551799476,0.138694552702982,-3.00581056483346,0.00264873956027798,0.0366419819104466
"ZNF276",1416.65833891103,-1.16061777789345,0.337853708575619,-3.43526724269678,0.000591969741855683,0.010361617522989
"ZNF707",570.290066435243,-0.717805636142551,0.206981098599868,-3.46797674279525,0.000524392670217126,0.00935026302574581
"ASNSD1",793.843235172616,-0.811625512449896,0.142113506544458,-5.71110749558483,1.12243316671392e-08,5.92469331842652e-07
"CCDC8",537.910381282462,-0.398897520871296,0.137940128246326,-2.8918163694829,0.00383021743626089,0.0498046210283931
"RPL18P10",609.121747163453,-0.344041208980839,0.0907681492822581,-3.79032966631266,0.000150447474096052,0.00324133709815869
"RBM39P1",915.172273957891,-1.29944302663664,0.0860818604451554,-15.0954338105244,1.73542759112781e-51,1.22137947673916e-48
"MAP3K10",871.359883067832,-0.922033013557268,0.111292485514752,-8.28477330965041,1.18334264375355e-16,1.4175773472086e-14
"RPL7AP48",641.973907406458,-0.771657258588452,0.116257431923459,-6.63748756377561,3.19074871729454e-11,2.28368375355179e-09
"SPNS1",623.633917630676,-0.399070708119389,0.128305418253638,-3.11031843823223,0.00186885748605583,0.0271893813927382
"MRM3P2",761.17705388851,-0.563987640750859,0.137768111664638,-4.0937458889162,4.24459488090888e-05,0.00109458705547224
"RNY4P7",704.276690766345,-0.688296125277813,0.111938724086847,-6.14886520185636,7.80392653251194e-10,4.84618099487718e-08
"OSTCP8",583.385488006067,-0.339194711344108,0.112788081686847,-3.00736306772088,0.00263524817996073,0.0364966928666437
"PDE3A-AS1",1050.74425891824,-0.830818264907419,0.25642055541327,-3.240061092483,0.00119504092511504,0.0189922735608954
"KIF1A",622.999661425582,-0.384398640138373,0.10765922257411,-3.57051287337472,0.000356282942672731,0.00676176987043269
"ZNF829",1135.58789426384,-1.20956313851347,0.199755188802248,-6.05522763021142,1.40219239779837e-09,8.42862341324279e-08
"TRBJ2-4",730.416704728554,-0.913769482516609,0.22623198118096,-4.03908182099902,5.36608455623225e-05,0.00134678356967784
"LRRIQ3",1224.25055153718,-1.94141284119987,0.180358980037218,-10.7641595710912,5.08231380878207e-27,1.22636232205911e-24
"MAPK8IP3-AS1",1097.57320768788,-1.10322724580941,0.150448567623957,-7.33291957000815,2.25192097877887e-13,2.06723898111706e-11
"UNC93B4",1094.48414416118,-1.27253319460828,0.101861398951713,-12.4927912605198,8.17348698609035e-36,3.21065973679191e-33
"IFNL1",596.317612396768,-0.352068954663695,0.112247325062514,-3.13654650093102,0.0017095032522669,0.0251745592275852
"SH3BGR",738.385940913078,-0.336542423432869,0.0943200433267562,-3.5680902124586,0.000359592705500106,0.00680928294686355
"TRAF7",635.327230287302,-0.519309320535602,0.160150838568382,-3.24262629642032,0.00118433443571981,0.0188722575035314
"RUNX1T1",804.782901853186,-0.443857204133764,0.136085936923454,-3.26159494631268,0.00110787324120786,0.0178901404562543
"SPAG11A",695.576305382898,-0.375299792449472,0.0783235930375124,-4.79165699497118,1.65409513548149e-06,6.02140537358143e-05
"PIGBOS1",735.304602372945,-0.556137599478109,0.122029488054008,-4.55740336493071,5.17899052592779e-06,0.000169860832958148
"RPS2P2",825.120151787372,-0.882826791574007,0.0963173303240194,-9.16581459021035,4.91741587832461e-20,7.48288933340369e-18
"CKAP2L",977.077921310639,-1.1784401345457,0.0597668169473473,-19.7172979043516,1.53197252235163e-86,2.35241344318558e-83
"IFNAR1",740.502792727882,-0.468804951731809,0.0815113097199852,-5.75140987603179,8.85022565812987e-09,4.74568766957053e-07
"COX7B",688.530574384704,-0.689431304861509,0.12975790558657,-5.31321233758314,1.07709407257397e-07,4.83861595208695e-06
"SETP15",820.798648393676,-0.855746885488692,0.0724702740614965,-11.8082468511507,3.53862786048697e-32,1.21981557533644e-29
"TESK2",1314.64986815647,-1.328517158115,0.288968436375434,-4.59744730178407,4.27698758186777e-06,0.000144179089810305
"RNU6-492P",751.274334978192,-0.487363634615878,0.107617092622685,-4.52868241223183,5.93526295630057e-06,0.000191687431347749
"TRIM52",732.28582340858,-0.383021487302171,0.110364184416615,-3.47052342502982,0.000519445032351997,0.0092845989856694
"POLR3E",990.644388708691,-0.894227602405874,0.0864561804388364,-10.3431310273821,4.49603138989803e-25,9.49280827584596e-23
"NCBP2AS2",841.200099654375,-0.824488630443756,0.0740189099281053,-11.1388918216248,8.11224560140781e-29,2.2462941057931e-26
"SNRPN",958.051570258643,-1.18033633129502,0.130753745497748,-9.02717032542179,1.76168092843886e-19,2.56522004847075e-17
"IFT46",686.373708876136,-0.790163219810402,0.258214973779822,-3.06009836782032,0.0022126430597173,0.0314329301275735
"TFDP3",1016.32920515721,-1.4182959733919,0.155218613862303,-9.13740909096181,6.39664159529709e-20,9.64693510590742e-18
"CHEK2P7",775.97755887206,-0.48190138376132,0.0583648758868737,-8.25670193654435,1.49752768001739e-16,1.78131972135026e-14
"VPS51P18",695.209415559672,-0.286077411597427,0.071799152836137,-3.98441207586843,6.76473976172308e-05,0.00164407509806136
"PARD6A",760.990099332856,-0.391688713631056,0.124516376086489,-3.14568031886013,0.00165701014863381,0.02457292223053
"KDM7A",822.683067126163,-0.326781438630638,0.0935123951641934,-3.4945253841147,0.000474905446635932,0.00863469095708023
"RPS3AP37",1086.04818030771,-1.05587640725659,0.117716772805258,-8.96963433582532,2.97500426018815e-19,4.25854211515577e-17
"PLA2G4E-AS1",833.436715610382,-0.863978864768737,0.18408927493385,-4.69326018628296,2.68885153094051e-06,9.3837585142802e-05
"KCTD9P3",951.469205450726,-0.950609096732133,0.194176238574633,-4.89559950130952,9.80064864278746e-07,3.77951498231331e-05
"PRDM16",673.832936536225,-0.340072441565191,0.11096377111165,-3.06471597133279,0.00217876802229239,0.031003850601972
"LINC01003",755.930717798787,-0.428939310843046,0.0674799702525246,-6.35654267833643,2.06345131535581e-10,1.3614748502998e-08
"SELENOO",1043.94585886751,-1.46126898841324,0.26724686880467,-5.46786196204709,4.55496379139157e-08,2.17954372239079e-06
"SIRPAP1",746.094217633689,-0.772632686539103,0.24472065647327,-3.15720257404383,0.00159290644531779,0.0237683593355678
"HYAL1",781.480818039966,-0.265092853655052,0.0704343081391575,-3.76368932497081,0.000167424864113484,0.00355273037655887
"PLEKHO1",1089.56071386374,-0.864483206018066,0.277596924774878,-3.11416708495288,0.00184464996508163,0.0268835052288126
"ARL8BP2",906.93885257665,-0.578006689576607,0.0757747624178894,-7.6279577940339,2.38501612775342e-14,2.38374600082148e-12
"POFUT1",861.874775919366,-0.434647258619514,0.0625514610990208,-6.94863478778624,3.68838003834594e-12,2.98088168553595e-10
"RPSAP4",825.055360509454,-0.523462560850164,0.175401191269668,-2.9843728942831,0.00284160234809034,0.0386142439755381
"ZNF518B",824.182409376901,-0.367537511485788,0.0863128967300717,-4.2581992426369,2.06080237715071e-05,0.000572516660402181
"RNU6-1128P",1113.78662613237,-0.645956684837694,0.166611928958461,-3.87701342200259,0.000105746526754626,0.00241700214264193
"RB1CC1",975.341483540609,-0.690244080575695,0.124196733725553,-5.55766693591943,2.73404454758766e-08,1.34246355968904e-06
"RPL5P16",1221.73749185323,-1.38966746537351,0.106576731538399,-13.0391263206718,7.32920822309408e-39,3.34588259719681e-36
"MZT2B",808.029444999174,-0.422256315731541,0.0959289076504845,-4.4017629937998,1.07374812453543e-05,0.000323291970971979
"LYPD6",952.198544433563,-0.584154863936182,0.160768199033274,-3.63352247178734,0.000279578085110034,0.00550390843309276
"VDAC2P5",846.326137252466,-0.244484920857326,0.0702258331690385,-3.48141004278061,0.000498781289921656,0.00897222020028402
"TNKS",804.627841038887,-0.439765949360862,0.135926205356168,-3.2353286712341,0.00121502779724672,0.0192306007749927
"RNA5SP315",872.270825705718,-0.330598224755631,0.109336563557256,-3.02367491715165,0.00249724619672046,0.0348603186023184
"TSPY26P",1118.68692458298,-0.977798166362397,0.140291320950107,-6.96976947497798,3.17460740554469e-12,2.59044897038915e-10
"MIR3178",822.349568928598,-0.330188899078228,0.0854286067087133,-3.86508585120762,0.000111050131733007,0.00250869004741869
"PSMA1",844.203930316492,-0.282637357280275,0.0555715763386316,-5.08600575873524,3.65682953455193e-07,1.49558129947014e-05
"LINC01050",842.934491848351,-0.814534721920287,0.171605590600112,-4.74655119959569,2.06914366200376e-06,7.35787486208536e-05
"PCYT2",1007.34950655513,-0.603343714272592,0.113427982023356,-5.31917877326213,1.04236674715018e-07,4.69509779363033e-06
"SLC35G1",939.423713516758,-0.350912321151706,0.107433030447442,-3.26633549933583,0.00108949086707287,0.0176608351590478
"SCARNA7",1350.17773913294,-0.808800095981669,0.209167918851672,-3.866750218781,0.000110295292414269,0.0025040292797976
"MIR3945HG",1204.09813518478,-1.23760279232157,0.125286202080886,-9.87820503587909,5.17515693523545e-23,9.50147562968065e-21
"RPL23AP15",827.634992470309,-0.306348966267059,0.0946066622252986,-3.23813311939398,0.00120314656096489,0.0190999516553176
"ZC3H6",1145.54897533607,-0.806389076446593,0.0808602063262234,-9.97263194201221,2.0083498369908e-23,3.85489057916041e-21
"PRICKLE2-AS3",865.006003898115,-0.361781354581124,0.111075395834625,-3.25707913856784,0.00112565044940314,0.0181079635627318
"ZNF324B",1385.00220364806,-0.738926947024753,0.235405554159376,-3.13895290051007,0.00169552697867826,0.0250342187035442
"MED20",849.781129551535,-0.365780548143275,0.108679438400433,-3.36568309081194,0.000763543757166014,0.012948812853706
"ZBTB34",878.164395872891,-0.234406141071582,0.0688097070657608,-3.40658536516603,0.00065780976001717,0.0113494021005618
"PLA2G10FP",899.303917587884,-0.605816883250438,0.163016357248932,-3.71629506065659,0.000202165478223763,0.0041643623081434
"TPRKB",925.269056712658,-0.818458041541623,0.252083386822754,-3.24677501305193,0.00116720619455936,0.0186366143119662
"NUP155",991.165285543872,-0.280337942285359,0.086705830104253,-3.23320752420324,0.00122408606251822,0.019341475848452
"VPS13D",1144.1695829383,-0.532216706072654,0.129625223401232,-4.10581129280119,4.02898300451164e-05,0.00104697772198779
"NHLH2",1255.64962126247,-0.810021915537493,0.141894763431907,-5.70861035281409,1.13902317032301e-08,5.99353282552211e-07
"GRM3",1052.65612723708,-0.427166474260981,0.138720441979248,-3.07933328474316,0.00207464448442145,0.0297729991387959
"PRSS8",1032.68700114634,-1.24221303455175,0.413387444114863,-3.0049607268831,0.00265615143297914,0.0366985203359257
"POC1A",2224.26046676825,-1.92388740940286,0.0921906233774972,-20.8685801106369,1.03358339105769e-96,2.4940367226222e-93
"RPL7AP83",1222.10084048017,-0.688856841753734,0.0877517954842734,-7.85005979595243,4.15838956110744e-15,4.36269304824011e-13
"TTN-AS1",1075.25966516145,-1.05366066909489,0.258268911561992,-4.07970383551942,4.50931144870925e-05,0.0011557933183634
"SNTG2",1015.06234327406,-0.408123792565019,0.0942832843859649,-4.32869723645067,1.49993966661594e-05,0.000432346090594025
"SNORA80E",1161.14194038033,-0.442405024624699,0.152901470856079,-2.89339940386264,0.00381096345224221,0.0496641400747308
"PRKAG2-AS1",1100.5313456897,-1.02642085248493,0.240957987693506,-4.25975026729772,2.04655434742121e-05,0.000570434809938807
"NKPD1",1043.54193341017,-0.739969740933654,0.126006259624012,-5.872483979301,4.29313207472102e-09,2.44984100926057e-07
"WDR4",945.391685548717,-0.462524768617733,0.0726121708150304,-6.36979673553558,1.89278880929382e-10,1.26367967501114e-08
"RPL41",939.15509606747,-0.621855554017329,0.164252246144197,-3.78597899642359,0.000153104606949634,0.00329019073280696
"MTUS1-DT",1023.83781307143,-0.360938730845412,0.100412355512836,-3.59456492183645,0.000324934115475438,0.00625109583655538
"SEC31A",1577.64260601341,-0.764141408583706,0.221112841682145,-3.4558888700014,0.000548481400961904,0.00972130046552731
"STC1",1071.83655432448,-0.329998039863855,0.106430601421904,-3.10059358356626,0.00193133173247597,0.0280018234276838
"B3GALT9",972.842581362874,-0.268304906134624,0.0556995455338614,-4.81700350627661,1.4573012863887e-06,5.39808684833148e-05
"NRARP",979.836965116468,-0.405084906370239,0.0864607018445408,-4.68519104897616,2.79698910767291e-06,9.74101917890785e-05
"TAFAZZIN",1021.87121398389,-0.339754579648003,0.0800932053726002,-4.24199004231928,2.21546523989224e-05,0.000612461920900487
"SMAD5",1133.27744793001,-0.610719347480194,0.0970835900683086,-6.29065475484053,3.16129715368479e-10,2.04588008516819e-08
"CSRP1-AS1",997.021438711706,-0.603733124747382,0.110497611389065,-5.46376629465429,4.66137141361457e-08,2.21789364922151e-06
"PRKDC",1145.85983971739,-0.521995525926935,0.102116199116325,-5.1117798198923,3.19137664338692e-07,1.32772273111942e-05
"RN7SL333P",1133.80183193513,-0.407987400359223,0.101328790393433,-4.0263719597867,5.66440610306169e-05,0.00140820843260444
"KRT18P24",1126.58463569102,-0.455306159932209,0.108745349541856,-4.18690235352972,2.82787411749897e-05,0.000761812148623208
"RFT1",1123.27084045529,-0.526690087347418,0.112040328769077,-4.70089737448883,2.5902067469235e-06,9.058215768589e-05
"RN7SKP275",1054.8787744403,-0.382950946075762,0.124415339184596,-3.07800427652714,0.0020839192448808,0.0298212032059863
"HADHAP1",1207.046190961,-1.40463891564439,0.412280035238651,-3.40700202674453,0.000656806392950665,0.0113436776925661
"UNC5B",1258.52550572849,-0.729974039668368,0.14702643414685,-4.96491698179437,6.87304638826978e-07,2.71879687457295e-05
"KATNAL1",1049.15891581412,-0.418747112997918,0.0756616457883136,-5.53447005593151,3.1217075464385e-08,1.5195608693629e-06
"RN7SKP80",1013.76473470386,-0.412747800942086,0.0890261855646828,-4.63625166375571,3.54783977174368e-06,0.000122050023593732
"AADACL4",1019.28685507117,-0.317909915990627,0.0804456941424175,-3.95185745339972,7.75469306307249e-05,0.00186057557568689
"ZNF514",1657.27738024072,-1.61889089688939,0.228227145711144,-7.09333191652122,1.3092094366242e-12,1.11124907507635e-10
"TANAR",1064.41477906578,-0.335821658609546,0.0954713560197728,-3.51751219014837,0.00043561234185576,0.0080064505617907
"SLC6A2",1263.29314994025,-0.552877564321834,0.153418193558249,-3.60372881141975,0.000313684348843983,0.00605536267008424
"COX4I1",950.633361083075,-0.260082538905199,0.0852971385034516,-3.04913556853581,0.0022950089080975,0.032358093043969
"RPSAP66",1091.01025541807,-0.266650520023546,0.0849138177930011,-3.14024886589806,0.00168804368082704,0.0249673781198332
"MIR1180",1083.68124588437,-0.562338170729009,0.192198659108199,-2.92581734616806,0.00343552580686802,0.0453001299014893
"ZNF521",1388.61770477711,-0.635980545829001,0.159466118077253,-3.98818603912401,6.65804430559392e-05,0.00162281423327254
"TUBB1",2261.0632169314,-1.17728535426079,0.32139789180738,-3.66301517300043,0.000249263767710331,0.00496733058820632
"VAV2",1303.76704849226,-0.468052579778395,0.119361116212181,-3.92131537163549,8.80669122167665e-05,0.00208338685469664
"TMEM14A",1402.32950615721,-0.60766498051262,0.201410512562769,-3.01704698915972,0.00255250241518062,0.0355142654817264
"TSGA10",1140.94094125118,-0.48667743086443,0.129285092147385,-3.76437393345875,0.00016696687553086,0.0035474685466563
"MIR4766",1178.80244277056,-0.451806633964562,0.0684684694277899,-6.59875469307896,4.14625697294192e-11,2.91882213617954e-09
"TBC1D3L",1472.28609915924,-1.53596661249899,0.399925893777803,-3.8406280673398,0.000122719929373662,0.0027346468694598
"SND1-DT",1124.3485621421,-0.323864387988248,0.0729880944748654,-4.43722212942243,9.11272430747157e-06,0.000281394929209328
"NONO",1011.00212894526,-0.392728822523704,0.126193368677566,-3.11211933431429,0.00185749396878249,0.0270473539885388
"SPACA5",1142.52277120372,-0.359739035722022,0.112359497183205,-3.20167893894593,0.00136629186918405,0.0211443346138501
"OR7E126P",1068.44685934811,-0.544574776627127,0.15152755616456,-3.59389929073834,0.000325765795299379,0.00625540440768126
"XRCC3",1260.81361633481,-0.33725204630334,0.0973319403239137,-3.46496787365987,0.000530294823548464,0.00941872751267834
"DPY30",1132.43369401298,-0.285823998709538,0.0925831623474692,-3.08721360841863,0.00202042353566714,0.029143444868449
"RPL5P27",1109.58344658176,-0.502862559524161,0.170027113153395,-2.95754335998452,0.00310101131959374,0.0414392264234635
"NMRAL1",1552.53126741674,-1.01025733646285,0.0492234107404614,-20.5239198435394,1.31656797381603e-93,2.47090551619185e-90
"NTM",1749.28634290631,-1.53467209639154,0.180839165559153,-8.48639226821438,2.13151082883936e-17,2.647305103671e-15
"SMC2",1339.44833722419,-0.417992336910178,0.0856250167460022,-4.88166137415318,1.05195785841943e-06,4.0475216825883e-05
"OSGIN2",1149.86630264151,-0.411159162363231,0.103077723764591,-3.98882656064696,6.64009465659783e-05,0.00162077801798546
"VPS26BP1",1781.73079471397,-1.02877302230393,0.12715065715116,-8.09097684081094,5.91881093916048e-16,6.75504294414592e-14
"GRID2IP",1332.27276206782,-0.66150946831753,0.129477156659527,-5.10908244654333,3.23727077212621e-07,1.34350714034358e-05
"RPL22P17",4253.33690772226,-1.58634368945867,0.481007222707735,-3.29796230611396,0.000973892072336937,0.0160175374818337
"SQOR",1257.21965006518,-0.355461170155499,0.06255538046349,-5.68234366927017,1.32861341393498e-08,6.92642258480735e-07
"RNU6-223P",3251.82451933381,-1.30300096112253,0.431348442567674,-3.02076194680615,0.00252139507605564,0.0351393434238084
"RPL23AP8",1245.79094634469,-0.327971158573527,0.0706222205745913,-4.64402217751172,3.41690859468609e-06,0.000117785720556822
"RPS20P5",1388.82040002848,-0.840448205539214,0.145998931181404,-5.75653670022388,8.58571230097806e-09,4.61851167120447e-07
"MPZL2",1228.57402433483,-0.294213175698628,0.0659044415124905,-4.46423896396827,8.03538451295647e-06,0.000252278215257152
"KRT18P22",1266.42670360704,-0.393238848906651,0.0930179755572089,-4.22755759358359,2.36241716330345e-05,0.000648838834233473
"RNU6-434P",1779.8668696047,-0.674117764838421,0.173994347755868,-3.87436588333478,0.000106902697292175,0.00243142607341366
"YBX1P4",1344.42557770454,-0.290580678500589,0.0815660417377681,-3.56252028797469,0.000367311512341149,0.00693213268709983
"FAM86LP",1302.30777510712,-0.410625566108589,0.120882207209617,-3.39690658854812,0.000681522272367705,0.0117106741633397
"SNORD62B",1382.75597437572,-0.765016558363474,0.0977632109523023,-7.82519877274405,5.06855425365986e-15,5.28474999373881e-13
"PRIM1",1701.03888491247,-1.24712731537153,0.222070509503879,-5.61590693945675,1.95533883501776e-08,9.77148765156363e-07
"MEIS3",1575.40639388559,-0.515064212353739,0.107788141456463,-4.77848681120249,1.76619345774304e-06,6.39443104051269e-05
"OGFOD3",1334.8085177193,-0.601505613749196,0.120064762097464,-5.00984304837849,5.44744432474671e-07,2.19078052593564e-05
"PPFIA1",1377.28775868223,-0.534522172816326,0.0948633839420937,-5.63465217667765,1.75412007984604e-08,8.84443052796404e-07
"SSX21P",1342.22672954344,-0.455549719949787,0.0693162867637418,-6.57204448216459,4.96290305018476e-11,3.44972820661197e-09
"RPLP1P5",1818.85478487265,-0.738911595310744,0.145277041707451,-5.08622413167468,3.65262370823049e-07,1.49558129947014e-05
"TBC1D3I",1728.81416659852,-0.573591105161531,0.151855720908523,-3.77721103775247,0.00015859434263689,0.00339090764744266
"NPIPB10P",1274.27433167384,-0.210304281875171,0.058783910903108,-3.57758234598937,0.000346786985302681,0.00663363860482142
"TMEM14B",1753.17347144424,-1.08809688156729,0.0604224900707212,-18.0081436613044,1.68174507223061e-72,1.89375706766981e-69
"SP1",1380.80471298943,-1.07987986361507,0.341002117658716,-3.16678345292811,0.00154135048828181,0.0231216261967744
"RNA5SP241",1346.14618826928,-0.395677344825925,0.10801892842912,-3.66303712303128,0.000249242400613861,0.00496733058820632
"SKIC3",1254.45716598449,-0.395403192027482,0.109479849376766,-3.61165268566214,0.000304251866038172,0.00592064316733959
"SSX9P",1345.57054598479,-0.463568940273389,0.126114392027643,-3.67578143001934,0.000237122476509626,0.00476813779848106
"RNU6-73P",1293.53849619614,-0.183379074236736,0.0476809688010567,-3.84595948546818,0.000120081605081282,0.00269362336179009
"RGSL1",1501.04746941312,-0.570560551427975,0.0609742284827466,-9.35740501561938,8.17190241501774e-21,1.31458670182919e-18
"MAPK11",2153.20121742038,-0.810380482645898,0.196018500286182,-4.1342040749356,3.56186873641181e-05,0.000940055075417685
"NSMCE3",1499.19697654417,-0.357673545692418,0.0620628730250686,-5.76308392213724,8.25907010642301e-09,4.45699530886873e-07
"SCARF1",2615.97828233587,-1.39272917128975,0.178200742965658,-7.8155070967249,5.47421930905856e-15,5.67270173922136e-13
"RPSAP47",2045.59186128644,-0.578442363049521,0.195831124978451,-2.95378154577406,0.00313906126174039,0.0418814247804557
"TEKT3",1501.30427840324,-0.792406164250197,0.180274681077748,-4.39554883421734,1.1049321887186e-05,0.00033149928240934
"RPF1",1333.83763215493,-0.21219285293332,0.0618421906519842,-3.43119884170067,0.000600919950563766,0.0104748595304154
"ERBB2",1345.05404892297,-0.410505304892965,0.0963088401431022,-4.26238447356451,2.0225706718426e-05,0.000564681673026337
"MZT2A",1316.73547677172,-0.27278796722498,0.0765845616579942,-3.56191850314658,0.00036815467555053,0.00694029087580805
"TOE1",1483.20897538916,-0.322388587280554,0.0614587004387239,-5.2456134766791,1.55763152488754e-07,6.780916001772e-06
"SRF",1487.19975884962,-0.369536347818251,0.124934991972757,-2.95782904359438,0.00309813894297055,0.0414336222373045
"ZBTB33",2054.57640485093,-1.00727163821426,0.125275455596749,-8.0404547995146,8.95056429632467e-16,1.0078932101948e-13
"RAP1GAP",1563.268549593,-0.482226416883895,0.103258998525151,-4.67006676194363,3.0110186342762e-06,0.000104433502569937
"PES1P2",1551.76394070905,-0.638651903619965,0.0691134161541054,-9.24063574279027,2.45036956637194e-20,3.76265384959895e-18
"NUP62",1404.27484227695,-0.288686695880411,0.08415086597652,-3.43058496820415,0.000602281315818435,0.0104877667066899
"PROCA1",1764.36645054926,-0.549356206171629,0.0590897058503203,-9.29698664540995,1.44482365131823e-20,2.23894644902902e-18
"SPIN4-AS1",1845.27670569031,-0.56990188663724,0.140255311007197,-4.06331769217636,4.83801112208072e-05,0.0012288548250085
"TMX4",1819.35810470973,-0.566605579633,0.131502551619176,-4.30870407194728,1.64213914429448e-05,0.000466959129398621
"TFRC",1721.83010457371,-1.26205942640039,0.305121036617662,-4.13625832027384,3.53014779856035e-05,0.000933141259240734
"POLA1",1611.17801921515,-0.508311768032869,0.0942881526993923,-5.391045995497,7.00487407411955e-08,3.22395989062543e-06
"SPRY1",1680.15623383382,-1.3911988410585,0.45964076426156,-3.02670900674691,0.00247231835648319,0.034569477946488
"RSL24D1P3",1724.69657606988,-1.50178855883557,0.380673168310976,-3.94508645171634,7.97711932482109e-05,0.00190582068621716
"SPPL2B",2563.75790614431,-1.2943105982132,0.11546777662061,-11.2092796457482,3.67169351003338e-29,1.03364291796623e-26
"TCP1P3",2129.64096542253,-1.07531510595358,0.0561942016662865,-19.1356950373532,1.27369346538625e-81,1.79282969365326e-78
"RPL36AL",1478.96917668587,-0.42581467489425,0.139434259905274,-3.05387409940378,0.00225906865330188,0.0319046225944165
"PPIAP4",1955.49543926278,-1.18077077707266,0.172971093873148,-6.82640521391742,8.70687762100351e-12,6.62467882416082e-10
"LINC02989",1923.73936810652,-0.585372205370352,0.186483143906213,-3.13900866914144,0.0016952043263717,0.0250342187035442
"PREPL",2272.61034374549,-0.828706541732329,0.153210284758714,-5.40894851176232,6.33958508472044e-08,2.94991547289292e-06
"GNA11",1491.50442798623,-0.617221085585445,0.161506843365734,-3.82164045016805,0.000132566877421585,0.00292704199546142
"STEAP2-AS1",1448.79000758368,-0.542371875340466,0.167948602942025,-3.22939200350295,0.0012405372508637,0.0195648129825759
"NDOR1",1504.71649019762,-0.407999419573096,0.0841132810824837,-4.85059451162059,1.2309196249208e-06,4.70395099197673e-05
"ZNF487",1840.75649034373,-0.371608724189298,0.117976861027216,-3.1498441385347,0.00163357587393367,0.0242893750762443
"TMEM144",1895.50057267095,-0.386043893554641,0.12106756360669,-3.18866492439524,0.00142931450087471,0.021789306168118
"HSDL2",1719.5594846856,-0.830888471407222,0.176407216047552,-4.71005942967349,2.47644569968477e-06,8.73270236187381e-05
"SPAG4",1915.39228665473,-0.653342525112727,0.0802483248967741,-8.14150981909145,3.9037887401222e-16,4.51636271297288e-14
"LSM6",1915.56871332348,-0.930808331400564,0.131676149481035,-7.06892125163963,1.56142719252541e-12,1.29921510881511e-10
"SLC16A5",1568.64290558267,-0.834757354496326,0.209050125877784,-3.99309663647056,6.52159740143016e-05,0.00159646814068923
"SNORD71",1507.90945153977,-0.266263281592611,0.0478708588270701,-5.56211624601236,2.66522651160011e-08,1.31632576045139e-06
"LSINCT5",1566.94595941283,-0.244361613513571,0.0588053840429528,-4.1554292602712,3.24677390190711e-05,0.000865004069039636
"SPATA31A7",1564.4726035417,-0.293811630989773,0.084051972200978,-3.49559472902355,0.000473006520969639,0.0086094322690713
"NTHL1",1547.30764587331,-0.387142556032665,0.085479415198582,-4.52907352177448,5.92428835191241e-06,0.000191687431347749
"RPL5P14",2627.51324405781,-1.61440811587918,0.102117004829963,-15.809395492625,2.68026256771371e-56,2.15582452529773e-53
"OR2AG1",1855.81902734214,-0.353565375825538,0.106597145453425,-3.31683718472573,0.000910426551455347,0.0150322726105887
"SIK3",1748.63916309793,-0.54880714092517,0.125288797246216,-4.38033689354252,1.1849596232595e-05,0.000349629603320936
"TTC19",1815.47335322904,-0.764696594343549,0.116028103680109,-6.59061529137652,4.38007509563041e-11,3.06986922988769e-09
"SOWAHA",1773.33592148816,-0.287752813558083,0.0905009537838947,-3.17955559059855,0.00147501074167903,0.0223447591369511
"MFSD11",3460.15827588656,-1.85036680573451,0.0545791019723042,-33.9024780340554,6.12444044009201e-252,5.1723961736797e-248
"TRIM11",1752.67411501066,-0.303651952876784,0.0665241912917248,-4.56453429918743,5.0060435455728e-06,0.000165473740759824
"PRRG3",1729.42355338517,-0.483813602311427,0.0518966948207879,-9.32262842522351,1.13493244922584e-20,1.80850415093148e-18
"ABALON",4427.31732342244,-1.68330642922023,0.366170426033307,-4.5970572977598,4.2849981105188e-06,0.000144179089810305
"PC",1545.09221442915,-0.385670950499282,0.0834051019180393,-4.62406905129466,3.76284510873416e-06,0.000128660357756333
"SSR2",1631.48008254744,-0.494473890841917,0.167458485293206,-2.95281478257811,0.00314890836675668,0.0419465388193115
"SCIRT",1656.22326742903,-0.49320602484599,0.0944936673279633,-5.2194611426626,1.7944445734833e-07,7.69288408393566e-06
"TBC1D15",1986.72703495518,-0.664725976267418,0.0615760105743781,-10.7952101811547,3.6263184533876e-27,9.0076683817897e-25
"SBNO1",2315.77311026183,-0.56262220597817,0.165073705181425,-3.40830906630355,0.00065366812443068,0.011301032026365
"RNA5SP47",1904.3274438015,-0.953167717757815,0.191747398651063,-4.97095514444169,6.66238634254716e-07,2.64786747557563e-05
"SNORD56B",1534.51064733752,-0.1818803613801,0.0530043181071638,-3.43142536071071,0.000600418331270321,0.0104748595304154
"SNAPC1",1611.98754319774,-0.273994598011566,0.0652107266035361,-4.20167988124684,2.649416039308e-05,0.00072063262995091
"SP110",1651.21651103043,-0.754941235924979,0.236361896317731,-3.19400566540618,0.00140313363669136,0.0215250954914557
"TBC1D5",2258.49597485347,-0.491556977438625,0.14126593445016,-3.47965685677781,0.000502056373889928,0.00901193858807095
"ZNF98",1718.93183110791,-0.258789592329376,0.0750153111784224,-3.44982361952549,0.000560952930186742,0.00988014175577087
"RPS4XP15",1667.24666502497,-0.182092039545293,0.0517373434383827,-3.51954753459961,0.000432283565543998,0.00797129007161972
"TFPT",1813.40419449293,-0.332154129890344,0.0852800681506551,-3.89486238805019,9.82544953728624e-05,0.0022828289977208
"FAM3C",1670.82104145623,-0.43899341119817,0.109656216064066,-4.00336093068987,6.24489170173789e-05,0.00153317537404149
"RPS3AP47",1662.81674483858,-0.356277098476133,0.0712481184531829,-5.00051238139352,5.71781558903185e-07,2.28861666147718e-05
"EPHA2-AS1",1651.63650542675,-0.529471862892653,0.127181606005097,-4.16311666068624,3.13932868087273e-05,0.00083902532830097
"CHKA",1671.54805396332,-0.386069368055527,0.120882466612213,-3.19375819236072,0.00140433693870015,0.0215250954914557
"RNU6-611P",1724.65681678394,-0.259820314360336,0.0570081219184347,-4.55760171738474,5.17410344698626e-06,0.000169860832958148
"TAPBP",1970.91824733887,-0.48705740456826,0.0399733934321546,-12.1845398338504,3.75768301358995e-34,1.32231299546975e-31
"CBX3P3",1972.64647746201,-0.917207638599688,0.210371578028001,-4.35994085891967,1.30097600316222e-05,0.000380186603277043
"ZNF257",1751.98344773,-0.341666421297526,0.0610678881688552,-5.59486223517022,2.20797021661056e-08,1.09690661555203e-06
"UVSSA",1677.86651267405,-0.254631085551211,0.0827179142586977,-3.07830640839009,0.00208180742077781,0.0298212032059863
"MIR6793",1988.35082591193,-0.374719205531113,0.0852636492942772,-4.39482955084194,1.10859705047093e-05,0.000332009091835185
"XXYLT1",1951.96389649194,-0.335861113979848,0.101913765678268,-3.29554218455756,0.000982319540749108,0.0161247418491673
"XRN2",1820.17309500807,-0.266036273210283,0.0597396407277094,-4.45326202115718,8.4575439183497e-06,0.000263087245533784
"UBE2Q2P6",2040.06995983492,-0.793797731198493,0.0852746977630181,-9.30871351082931,1.29390013012224e-20,2.02363584239766e-18
"WASH8P",2058.35906274355,-1.11049650681342,0.345112167076687,-3.21778428219443,0.00129184936667856,0.0202417696220477
"ERMP1",1721.19913788317,-0.289586797688694,0.0918382607262107,-3.1532260672054,0.00161476702230899,0.0240520544742691
"LSMEM2",1721.30697138538,-0.216907245470957,0.0596633678273142,-3.63551796302816,0.000277422660793526,0.00546784849879049
"SH3BP5-AS1",2062.61454149368,-0.270367690456392,0.0909758133446202,-2.97186340541115,0.00295998341996504,0.0399656914041803
"RPLP1",1991.81070200361,-0.656472933824985,0.107957497180779,-6.0808461752841,1.19549943694357e-09,7.24757181986235e-08
"RPL29P5",3298.63797946879,-0.936258812254813,0.239796505997511,-3.90438888323307,9.44637810286381e-05,0.00220995529827524
"RNF24",1920.86376025517,-0.341995472420371,0.0781634212669184,-4.37539026410447,1.21215411106806e-05,0.00035669852073259
"PIAS2",2766.78018599214,-0.909204481620628,0.205896209410237,-4.41583885504704,1.00619023305198e-05,0.000307517543018637
"RPL7P9",1942.83305809354,-0.299090236760791,0.0742896905440108,-4.02599922776099,5.67338748207367e-05,0.00140820843260444
"TNRC18P1",3647.09509128834,-1.515321252282,0.0613951765059398,-24.681438160462,1.69253925451867e-134,9.52956018269164e-131
"RNU6-323P",2071.41498152749,-0.430219558835479,0.0714743015560461,-6.01922018780589,1.7525933231595e-09,1.0387036428592e-07
"PHB1P7",2230.27617407359,-0.911497140405214,0.157294828589055,-5.79483221782562,6.83895176319487e-09,3.75054331922483e-07
"TRAPPC2LP1",2188.7033611649,-0.52846238934565,0.0630544392535259,-8.38104970247751,5.24577412292842e-17,6.42075150075246e-15
"OIP5-AS1",2384.68707834712,-1.39045069568514,0.357439955973069,-3.89002592589259,0.000100233512765618,0.0023224201153965
"IFT122P3",2289.99466541723,-0.369327344260717,0.0928620128142788,-3.97716281467385,6.97424145848111e-05,0.00168529202396573
"RPS17P5",2155.05104212768,-0.648451755944721,0.107916255529627,-6.00884225237686,1.86852818535447e-09,1.10354229296581e-07
"TNRC6B-DT",2860.31966332096,-0.993793097188885,0.0791156646470294,-12.5612683862626,3.44761197216246e-36,1.42033204443405e-33
"PCAT5",1893.76797214883,-0.610923560744221,0.187271060967055,-3.26224221505155,0.00110534654154046,0.0178664195532631
"ZNG1C",1994.27128215599,-0.412509023027559,0.114160646388853,-3.61340826349629,0.000302198305135612,0.00588746432761893
"SUGT1",2509.28317829837,-1.07762812006381,0.136446178396193,-7.8978255949005,2.83810884258394e-15,3.01499977736386e-13
"STK24",3546.82919095519,-0.925941649849797,0.239742760178988,-3.86222987154441,0.000112356769893148,0.00253042426702021
"MIRLET7BHG",2502.05531048525,-0.685905488308183,0.163354739025064,-4.19887107286765,2.68248988701294e-05,0.000728455573658127
"HMGB1P27",1873.33219306092,-0.215416284212198,0.0586590021739434,-3.67234825395457,0.000240331862479491,0.004821194167626
"ORC1",2297.2631204951,-0.588292948670322,0.0724317725163635,-8.12202888638984,4.58454171087719e-16,5.26785673730793e-14
"RN7SL513P",2053.71613925906,-0.570944331391615,0.118241323554013,-4.82863616737854,1.37471316412931e-06,5.17155457801964e-05
"UBBP4",2064.23050844275,-0.435906005249805,0.122907494329999,-3.54661859820708,0.000390209062456215,0.00727485791826482
"RPL31P17",2362.69546849642,-0.590810418760938,0.0509499717214365,-11.5958929671469,4.32332702589876e-31,1.35232068137881e-28
"NSUN5P1",2279.86831721446,-0.468177977308868,0.0699343783717469,-6.6945326205689,2.16362020024075e-11,1.57524606906321e-09
"SPRTN",2092.28568413162,-0.344103008909869,0.0690631958394711,-4.98243680627949,6.2788499279062e-07,2.50723532227574e-05
"HECW1",2263.89026552672,-0.37571364423886,0.0983303187770492,-3.82093385754947,0.000132947306869865,0.00293160960879751
"PDCD10",2356.80039511945,-0.660539172454186,0.0562330804231287,-11.7464518657688,7.36466861866196e-32,2.43914936544743e-29
"MIR6724-2",1955.08640326642,-0.445960325851013,0.117748678995558,-3.78739132918711,0.000152237232449987,0.0032757185902073
"TSSK1A",2225.01139570559,-0.39662537332464,0.0803758398536707,-4.93463426381262,8.030109035256e-07,3.13248433520806e-05
"RNA5SP297",1895.60006528735,-0.425545709891055,0.103402694100232,-4.11542188135406,3.8647187575536e-05,0.00101051028690152
"PHF13",2058.24311819081,-0.209657633275795,0.0434927513489812,-4.82051897782976,1.43185233945464e-06,5.34784581166969e-05
"PBDC1",2587.29181832649,-0.458573588692082,0.152050335975955,-3.01593275508842,0.00256190068873791,0.0356156909740511
"MAL2",2114.9506835927,-0.211181129077578,0.0505709822155054,-4.17593489044055,2.96764700456446e-05,0.000795659135779337
"WIZP1",2497.48841534023,-0.910685627667446,0.200660801173913,-4.53843312864156,5.66737618523737e-06,0.000184446341319546
"UTP15",3244.64088785108,-1.54578821293774,0.214765204114049,-7.19757289973686,6.12937808911629e-13,5.33666625274553e-11
"LINC01748",3243.9984677769,-1.147187673085,0.155872725906221,-7.3597716753551,1.84225060622833e-13,1.70975027416499e-11
"ZNF157",2244.57482057857,-0.271111468684581,0.0761838373374482,-3.55864810909591,0.000372768564088127,0.00700381959511965
"RTBDN",2244.28760167137,-0.310858767119714,0.062900045884163,-4.94210715986111,7.72827156716487e-07,3.03577290792981e-05
"RPL11P3",3083.16399561622,-1.01556014513798,0.095574734857366,-10.6258222599685,2.26011544292853e-26,5.30216804812581e-24
"ALOXE3",2217.03178856223,-0.20624696806671,0.0411645767832312,-5.0103021622884,5.43446401175121e-07,2.19077641103794e-05
"RCC2P6",2632.87415927419,-0.544552096835637,0.0789150887940362,-6.90048132945635,5.18266330266875e-12,4.10987633076891e-10
"TCEAL1",2373.84927064685,-0.546687810469414,0.0765976348892578,-7.13713695285495,9.52948898283076e-13,8.21237746984665e-11
"CDK20",2411.51851573066,-0.376277629647033,0.0557478836076806,-6.7496307536093,1.48221882326575e-11,1.09807711156938e-09
"ZNF623",4659.32319599963,-1.51169298137139,0.120482960164554,-12.5469442260279,4.13148040265955e-36,1.66154370193625e-33
"TACR1",2252.11744517683,-0.343931044586202,0.0854311343601387,-4.0258279041028,5.67752023328177e-05,0.00140820843260444
"RN7SL338P",2892.08432054698,-0.527462732625964,0.137438909967952,-3.83779770043983,0.000124142687141811,0.00275907122172674
"TNNI3",2221.66521483528,-0.378681541059331,0.109697055608494,-3.45206659339003,0.000556310408188515,0.00982912040241863
"LINC02960",3303.52166338094,-0.689617332157922,0.212325831620779,-3.24792008063155,0.00116251918358871,0.0186124279905184
"RNA5SP310",2500.9088870811,-0.297004730263179,0.0690543124655411,-4.30103087930081,1.70005365155859e-05,0.00048180547363215
"RNF5P1",2834.967644486,-0.513056386309872,0.136498562478274,-3.75869442867967,0.00017080228401374,0.00361079021185992
"STYX",2399.27354248759,-0.644057825740834,0.145338846796101,-4.43142243067606,9.36134894922897e-06,0.00028854479033107
"RPL39P18",2300.50043555914,-0.214890252905106,0.057858640260315,-3.71405639569616,0.000203963309231293,0.00419117306110191
"SLC35A1",2657.2077874215,-0.299612792788823,0.0864625774633465,-3.46523087304257,0.000529776469339584,0.00941872751267834
"TET1P1",2677.05704562377,-0.662622595152266,0.0929951478349638,-7.12534589791938,1.03819629683125e-12,8.85665335847307e-11
"ZNF586",3650.19198401332,-1.32706009466785,0.0592588800099402,-22.3942824171711,4.47462094827788e-111,1.88952056093404e-107
"TSNARE1",2506.12890957973,-0.377566954275949,0.121206979734388,-3.11505950485149,0.00183907805617227,0.0268254468452554
"USP37",2724.44735276991,-0.498050402454452,0.095489226215581,-5.21577587538546,1.83049399219086e-07,7.80779647022623e-06
"PTPRF",5711.22468873628,-1.7259192380854,0.175957181866822,-9.80874562648832,1.03243935906628e-22,1.87515410903103e-20
"ZNF555",2988.59669909292,-0.49737957412244,0.129657056560974,-3.83611650082874,0.000124995131994489,0.00277436632656888
"RBM18",2709.18352916743,-0.3174008503633,0.0718373002821488,-4.41832932357806,9.94667823130924e-06,0.000304917136125308
"LINC02938",2460.63888195243,-0.349493567317012,0.084963194873542,-4.1134701659606,3.89755432412163e-05,0.00101752071234526
"WNT6",3156.49065611324,-0.421666349306906,0.135256465478728,-3.11753192584513,0.0018237219301726,0.0266474802098144
"RPL19P11",3150.64064887242,-0.448236710217556,0.134817337730118,-3.32477052109464,0.000884913381623393,0.0146827818555999
"RPL37P15",2819.49118213793,-0.74101916961274,0.0731940952169474,-10.1240293689861,4.32245952704452e-24,8.58948986721283e-22
"TGM3",3339.88087290621,-0.620339916008007,0.108831934804976,-5.69998059043646,1.19821069642809e-08,6.27976402457718e-07
"SLC26A7",2734.46435642573,-0.23666806399807,0.0741376188083374,-3.19228035378249,0.00141154254462847,0.0215963452185864
"PIGV",3581.21510271886,-0.984133477847797,0.0475446639888675,-20.6991362496163,3.52633561423913e-95,7.44541685751414e-92
"POU2F1",3031.54593139971,-0.693206357472126,0.119405810296367,-5.80546587935359,6.4187275705284e-09,3.5430956664639e-07
"ORC6",3669.15774251304,-0.613974153239499,0.206944600574388,-2.9668527303219,0.00300865031817121,0.0405256080735485
"RPS4XP18",2794.98015939376,-0.225432201725416,0.0609960527814228,-3.69584901720189,0.000219153188281066,0.00445989940151263
"MYOSLID",2556.62688650042,-0.129257662590204,0.0423971832321699,-3.04873231512529,0.00229809151238401,0.03237453188964
"PFKFB4",2654.7885276828,-0.27208748873607,0.0596953401502614,-4.55793514286355,5.16589833908477e-06,0.000169860832958148
"PLVAP",2787.9464462804,-0.23225248448597,0.0675248199803375,-3.43951282733666,0.000582762167383322,0.010211032955676
"RPL21P93",4090.78201333942,-1.23154636724708,0.0726779068924528,-16.9452646602701,2.0859328959175e-64,1.9574162524968e-61
"SUMO2",4420.14161294916,-1.24554597609533,0.0881070594946412,-14.1367330068607,2.25513191863758e-45,1.36040832991812e-42
"SLC18A3",3333.31598745111,-0.451949975121693,0.100581240125547,-4.49338240965772,7.01007372901556e-06,0.00022173624598652
"USP53",2606.93028029527,-0.144324587632705,0.0432990707428543,-3.33320288765142,0.000858523121154403,0.0143577366726921
"USP6NL",2550.68562214237,-0.391097783936786,0.13046515913091,-2.99771821490176,0.00272009047900315,0.0372930586695148
"ZEB1",3277.97529259811,-0.474590876697821,0.105148171818329,-4.51354377818189,6.37532822237066e-06,0.000204337132835034
"SLF1",4634.17788421656,-0.839097491053395,0.267478427690345,-3.13706603668541,0.00170647687102687,0.0251519204437302
"SLC26A6",2603.14564803281,-0.252950287939036,0.052444296286721,-4.82321826869633,1.41260242634728e-06,5.29052496306695e-05
"RPL36AP28",3167.56205444874,-0.874146505890916,0.153964856714496,-5.6775716520289,1.36620306058755e-08,7.08738726682824e-07
"RPL21P3",2968.34290252705,-0.283935231788237,0.0655717416609808,-4.33014625806707,1.4901033834445e-05,0.000430981785098648
"RAD17P1",2688.92833350827,-0.238768852135979,0.0673977850080389,-3.54268099623007,0.000396081514126233,0.00737619939923506
"ZBTB22",2733.48433619602,-0.449850208922592,0.119865231970883,-3.75296657359213,0.000174754164730505,0.00368051445943013
"SETBP1-DT",2976.13800574253,-0.444223417297675,0.0419966073678543,-10.5776024574237,3.78520152323193e-26,8.75833409985076e-24
"ZMIZ1-AS1",3984.43538638862,-0.938658016306962,0.0943937451181974,-9.94407007722385,2.67662183783889e-23,4.96822191900403e-21
"PHF8",3158.44792954172,-0.517621334247806,0.08462872644065,-6.11637863427867,9.57257282235267e-10,5.8796482742676e-08
"SOHLH2",2952.27369802217,-0.519394847320589,0.0812798209948403,-6.3902065846523,1.65661793179941e-10,1.11927733944095e-08
"RPSAP61",3163.95390751034,-0.413127685549768,0.112269377952729,-3.67978956580409,0.000233426497522828,0.00471064154081015
"HMGB1P17",2844.88607834855,-0.200726488945245,0.0441492483695116,-4.54654374328741,5.4534039897862e-06,0.000177825186856137
"SNORD62A",3048.0030403756,-0.477158168407639,0.134536086312785,-3.54669279808161,0.00039009918748791,0.00727485791826482
"SI",2882.42989578615,-0.2100735961219,0.0658279704567153,-3.19125129734984,0.00141658010588172,0.021627569953279
"STX17",3004.60357289291,-0.511404592638873,0.0543591853377893,-9.40787816191492,5.06253154541411e-21,8.46645745877127e-19
"RPL18AP7",3505.53291155034,-0.772656728520476,0.104437328593019,-7.39828123650534,1.37958433390082e-13,1.29458661021771e-11
"ITIH2",3073.527164553,-0.791828920819624,0.21617572828757,-3.66289466024735,0.000249381110579537,0.00496733058820632
"UBP1",2740.17679095325,-0.39656024202305,0.105654796224101,-3.75335769122981,0.000174481604561875,0.00367936177609816
"TBC1D9",2817.74938558335,-0.188380571302498,0.0556138268008168,-3.38729740676164,0.000705848265227096,0.0120672905343632
"PLCE1",3163.07490319452,-0.482575161126344,0.0799381168444772,-6.03685926283719,1.57142660590609e-09,9.37914021214124e-08
"SUN3",3230.59948093376,-0.254279736672124,0.0848911398190574,-2.99536249853769,0.00274118859160625,0.0374910255067378
"ZNF512",3488.80970355596,-0.53882023845571,0.0903442761527103,-5.96407720999318,2.46020394944199e-09,1.42801735085995e-07
"ZSCAN31",5082.28548635539,-0.911235975743226,0.233560168289681,-3.90150419232886,9.5596805723947e-05,0.00223028404072264
"UBE2S",3159.18220601403,-0.552713277141501,0.122769649871711,-4.50203513424582,6.73058517342897e-06,0.00021369607925637
"NFIL3",3414.34350871621,-0.646465254914481,0.058427927028557,-11.0643195436066,1.86875811268183e-28,5.09116020666271e-26
"PLEKHF1",2783.48141782677,-0.353097251671462,0.119077204841697,-2.965279980672,0.00302407571621004,0.0406028096761073
"CUTALP",3020.20527565165,-0.16197187549681,0.0453536753276312,-3.57130650000774,0.000355204924774358,0.00674889357071279
"RHBDD2",3323.49553062341,-0.48416026925834,0.0683125726514544,-7.08742549821145,1.36629811880823e-12,1.14816624501442e-10
"SOX18",2995.38094185242,-0.405493925138332,0.0775134744274234,-5.23127015184954,1.68349267147953e-07,7.27260222863445e-06
"MIR5693",3350.31085565373,-0.615568587106093,0.0770591167000964,-7.98826425044296,1.36851865514901e-15,1.47233430599503e-13
"UICLM",4219.95404182412,-0.958690635549485,0.0957437728520394,-10.0130860419615,1.3352122699774e-23,2.59230694852739e-21
"PSMD7P1",3028.33207694207,-0.225199587963743,0.0617908209187395,-3.64454759809552,0.000267862560927874,0.005291773703664
"KCNAB3",3358.81260755969,-0.430736504439727,0.041270248992291,-10.4369737270106,1.68083815199933e-25,3.63987656736163e-23
"LINC03042",3050.13875106027,-0.444386660705661,0.0906355321279799,-4.90300713497412,9.43805548265448e-07,3.65638062287883e-05
"TSPAN32",2903.97826221065,-0.25155890447258,0.0822519289615069,-3.05839519691151,0.00222525900172706,0.0315590678406144
"VAT1L",3289.32821787281,-0.567714663108623,0.131456304736807,-4.31865679052262,1.56981680291289e-05,0.000448659485922193
"ZNF184",3169.63704942302,-0.380704954968337,0.062609483418878,-6.08062763305833,1.19713015081499e-09,7.24757181986235e-08
"MRPS7",3019.72094698456,-0.325035426053575,0.0935180485357431,-3.47564380504951,0.000509628678341053,0.00912846023951085
"THUMPD3",3600.20534485917,-0.465290687779443,0.0464493772792958,-10.0171566344516,1.28136265796472e-23,2.51668565763744e-21
"SNRPGP4",3189.01883774993,-0.142558948459294,0.0394999361438265,-3.60909313727016,0.000307269284841683,0.00595876634932362
"SPTSSB",4934.77498882355,-0.936210237075324,0.128768833367465,-7.27047230756279,3.58232746626847e-13,3.23578038677758e-11
"RPLP0P10",6111.70270815217,-1.0267916527552,0.297353657663619,-3.45309911713532,0.000554185334946415,0.00980182669380094
"RPS3P7",3177.7538265993,-0.532177695174948,0.119344520770859,-4.45917157936999,8.22770386742368e-06,0.000256509439398677
"BMP2KL",3135.36603341093,-0.152755187080001,0.0453665664150478,-3.36713132932478,0.000759545078086181,0.0128939456421645
"SAA2",3693.18671424553,-0.406102172313621,0.063762185631034,-6.36901273528436,1.90248813444231e-10,1.26515460940414e-08
"RNU6-1060P",3424.31483780257,-0.382463321523622,0.108406723613656,-3.52804059355819,0.000418647949805632,0.00776222010995272
"TOMM40P2",3853.86358311857,-0.433959227518386,0.0939226168867329,-4.62039114648738,3.83017258266706e-06,0.000130434365108527
"MRPL50",3344.84485740829,-0.236366310838012,0.0451012153341019,-5.24079692946302,1.59884588865574e-07,6.94244367745093e-06
"SLC9A5",3623.313302282,-0.192729573893107,0.0658421340994639,-2.92714652295385,0.003420876749073,0.0451422102879625
"UBE2D3P1",3671.77520077932,-0.480421608455292,0.0654535126072171,-7.33989039424477,2.13768843310385e-13,1.97309810511241e-11
"RCCD1-AS1",3548.5127593703,-0.212189678422009,0.0462623078621484,-4.58666435436571,4.50383873673416e-06,0.000150941150996382
"STAM2",3882.64822520058,-0.472538781591356,0.0761840610030219,-6.20259376265874,5.55400739603856e-10,3.48746241362406e-08
"EFNA3",3453.33619092916,-0.203873795958025,0.0520227257339888,-3.91893721602567,8.89402764985458e-05,0.00209817068482812
"PRRT2",3758.92255602301,-0.856208146336665,0.190022003375932,-4.50583685639171,6.61118683861225e-06,0.000210558994145513
"MAGOHB",4167.75342145325,-0.362618215952299,0.0826191643682935,-4.38903272291459,1.13855938336596e-05,0.00033858110113441
"NARS1",3549.79536201603,-0.23329303054285,0.057139026641672,-4.08290172679819,4.44768345532942e-05,0.00114346759884276
"PRPF31-AS1",3651.39618931284,-0.342041480632312,0.0879396615391891,-3.88950189988946,0.000100450182394603,0.00232425209702361
"RNF170",3770.02028703671,-0.583379599244136,0.173157069509441,-3.3690775715763,0.000754201998291638,0.0128290291572448
"MRPL33",4426.9742532828,-0.658218419696082,0.0606346872439044,-10.8554764543995,1.87824695447124e-27,4.80688928908692e-25
"SPI1",3697.48275266718,-0.306142009368885,0.0930931583498598,-3.28855540831854,0.00100702960326858,0.0164504226584232
"ZNF195",4802.14458964065,-0.535039425502677,0.13430789426181,-3.98367816309971,6.78567558214949e-05,0.00164679376807596
"TLX3",4867.41074978438,-0.837968559984663,0.0443375468947055,-18.89975018182,1.14593809995588e-79,1.48892618818114e-76
"SPATA45",4038.85577659284,-0.401608701795812,0.0357775698630771,-11.2251531709055,3.06854276586919e-29,8.93633721694767e-27
"SYT14",4306.02905148749,-0.519716039970191,0.101920359199482,-5.09923673790223,3.41025814497393e-07,1.40837824759791e-05
"YBX1P8",3831.53157398133,-0.406807541174524,0.0564540714587601,-7.20599118296894,5.76231318671656e-13,5.0430690174523e-11
"TYW1",3797.93367011593,-0.161220913447116,0.050968531633255,-3.16314612724542,0.00156073969477332,0.0233709700216455
"RNU7-90P",4400.07813724437,-0.406198556094374,0.0777150869254054,-5.22676576922911,1.72500801119988e-07,7.42250440042413e-06
"RNU6-937P",5159.28538322816,-0.501951506053216,0.159688794168308,-3.14331076684174,0.00167048386445808,0.0247510025917205
"SERPINI2",3814.27449614874,-0.182631887629112,0.0543216784590639,-3.36204426685271,0.00077367719603072,0.0130943702586722
"RSL24D1P6",4512.96295106403,-0.32540887603823,0.0775714254973239,-4.19495805255579,2.72922091349141e-05,0.00073877035977217
"SPAAR",3775.58199341977,-0.57981062832728,0.192801095458211,-3.00729944998136,0.00263579978684823,0.0364966928666437
"SNURFL",4748.29347906906,-0.515271651104064,0.0969883394444252,-5.31271752929967,1.08002383543961e-07,4.83890785262876e-06
"SUMO1P2",4078.26549819683,-0.524555886105209,0.0842247819300408,-6.22804682998074,4.72285912989934e-10,2.99901554748608e-08
"PLET1",5861.79925547509,-0.885120694300391,0.213408442511907,-4.14754301133613,3.36062349473537e-05,0.000889722436513718
"RPS3AP43",4782.79386944052,-0.583652206676883,0.0538411633558755,-10.8402599479343,2.21839810230769e-27,5.59268094717599e-25
"RPS23P2",3976.97452356856,-0.319277408513183,0.0735748229328108,-4.3394927202849,1.42811997373531e-05,0.000415187168267867
"PMFBP1",3814.44048567797,-0.531425052431748,0.164906901086677,-3.22257618650189,0.00127043374991235,0.0199803505305117
"TECRP1",4257.15010712117,-0.251006981263654,0.0759131291574548,-3.3065028941572,0.000944683745942274,0.0155522935211608
"PTGER3",5097.83733326201,-0.989165955563079,0.113656413019185,-8.70312487687001,3.22868306552007e-18,4.19505274305381e-16
"VWA3A",4187.04106178498,-0.311798790529614,0.0647451259641271,-4.81578784327905,1.46620240120485e-06,5.41917390782302e-05
"RPLP0P7",4044.49709828094,-0.404293255845139,0.0829975870339336,-4.87114469580716,1.10953544146707e-06,4.2593552595046e-05
"SPEN-AS1",3947.2173435961,-0.204611489141795,0.0633552578362732,-3.22958971567231,0.0012396797942182,0.0195648129825759
"PPA2",4925.2102869579,-0.75230145095703,0.0700128780456485,-10.7451867707328,6.2435428144003e-27,1.48534762926811e-24
"PITRM1-AS1",4176.65582529136,-0.318456675100832,0.0859927156109289,-3.70329827170103,0.000212814418906463,0.00435187451543471
"TRPC6P2",4409.69015336193,-0.254681068585246,0.0655700125967384,-3.88410888604763,0.000102705875577336,0.00236349447462777
"USP17L18",4146.76594173912,-0.169585347484599,0.0549535451480689,-3.08597647390467,0.0020288487408133,0.0292400034821481
"LINC01756",4017.82660912731,-0.323512707961555,0.0593360945984489,-5.45220763433951,4.97483204201814e-08,2.35377837595878e-06
"SEMA4C",8852.82307339041,-1.8321848632752,0.0405675142490165,-45.1638434642225,0,0
"RNU6-1316P",4228.0905645298,-0.294049421699808,0.0573036697109998,-5.13142392420573,2.87558446667799e-07,1.20824619966811e-05
"PSTK",8547.92327664734,-0.953230810691101,0.310946256205797,-3.06558060007711,0.00217247814149334,0.030940411709919
"RNFT1P3",4337.60421146958,-0.241925883558461,0.0473881736198175,-5.10519534893594,3.30452964792456e-07,1.36805907556602e-05
"RGS2",4822.7585862123,-0.249727771392362,0.0669785955452228,-3.72847130280226,0.000192644841246382,0.0039974987880745
"SLC5A11",14661.0539406937,-1.36033834455852,0.441096558331462,-3.08399219822589,0.00204242951455336,0.029410636769242
"RNY4P36",4281.08389556944,-0.225812923359864,0.0498413140703911,-4.53063743546062,5.88059843598432e-06,0.000191017669581175
"SEC14L1",4539.1204574512,-0.584040597692715,0.187806237204852,-3.10980405328959,0.00187211492135457,0.0272133331640276
"NANOGP11",4922.44702442903,-0.436138839934476,0.0458027707596707,-9.52210603639935,1.69704356856813e-21,2.98591280382128e-19
"TLNRD1",4755.95622705267,-0.154084797777474,0.0500015979376979,-3.08159747153409,0.00205893054894694,0.0295726155631486
"RCAN3",5978.91817842514,-0.866119516237691,0.189232010000693,-4.57702434294558,4.71636596112649e-06,0.000157128476231534
"ZNF25",4605.7281696177,-0.169447667394812,0.0495095731819131,-3.42252329205525,0.000620427819422951,0.0107815291130381
"TTC41P",5832.8837139007,-0.730438592244905,0.0424401660489888,-17.2110210738044,2.19526725391104e-66,2.18119171681244e-63
"UBL4A",4617.34133271897,-0.519813132025234,0.130769544908484,-3.97503204885369,7.03697793088216e-05,0.00169802277472187
"PTCSC3",5547.53547963739,-0.309570278804004,0.0900006088856519,-3.43964649391784,0.000582474455863001,0.010211032955676
"PPFIBP2",6312.49642143106,-0.710574136265864,0.0808871189828676,-8.78476258273419,1.5669513551745e-18,2.08404530238208e-16
"KCNK10",4824.98521592264,-0.239635677986709,0.0670804019308902,-3.57236496933329,0.000353771906287624,0.0067292356634057
"LINC01533",4691.14490229878,-0.166976091194154,0.042623655482735,-3.9174512205268,8.94901468231773e-05,0.00210819814503527
"OCM2",4998.49577762884,-0.328528427080705,0.0432066628363636,-7.60365197203356,2.87888819656926e-14,2.84370178527786e-12
"SNX17",4901.40694457064,-0.173842779893622,0.0498395993319371,-3.48804529377955,0.000486565646188584,0.00878992548638649
"MIR6780A",16725.2463632851,-2.01906045682349,0.308559685351651,-6.54350050468343,6.00952818690706e-11,4.16012051660029e-09
"PXYLP1",4884.70222922875,-0.423247958098951,0.104155673755416,-4.06360923834878,4.8319692759821e-05,0.0012288548250085
"PDRG1",4936.88055969016,-0.130933777659427,0.0425782778625241,-3.0751308937901,0.00210410188379573,0.030062200712032
"SNORA14A",4825.78258189296,-0.135728466322021,0.0280079585253148,-4.84606781316617,1.25932486808488e-06,4.79082350153642e-05
"ZCCHC14-DT",5625.82717475532,-0.554767449749237,0.0494367559954912,-11.2217607846242,3.1885769526171e-29,9.12851750960261e-27
"XBP1P1",5621.96739619809,-0.513503134418308,0.13580973847329,-3.78104795864325,0.000156169583037759,0.00334753861305938
"RANGRF",5484.89281687619,-0.392772734765655,0.0889489508709256,-4.41570958307997,1.00679179023922e-05,0.000307517543018637
"SRSF3P1",4999.76105139262,-0.115899859530182,0.0387968411624809,-2.98735299208495,0.00281404596452833,0.0383014104648251
"ZHX1",5433.80112690252,-0.46702250047278,0.0702774434366337,-6.6454110684017,3.02371986953593e-11,2.17334690707793e-09
"TPD52L1",5685.46940311,-0.879838227564854,0.280604322094918,-3.1355120298797,0.00171554392133141,0.0252415090376384
"UBQLN1",5640.24901797578,-0.334120919872725,0.0444500979608636,-7.51676453372284,5.61484089798947e-14,5.45059066712299e-12
"PRDX3P4",5114.87150184656,-0.20590134327838,0.0646472953567926,-3.1849954764851,0.00144756270949524,0.0220277312847605
"MAPK10",5709.58205795191,-0.253058144615015,0.0750547441848397,-3.37164755357503,0.000747200012662588,0.0127227373123828
"MOB1B",5935.03338295437,-0.27871628532003,0.0698494791093409,-3.99024142876905,6.60060728415305e-05,0.00161347116695556
"SSH1",6753.94146982582,-0.47184064470084,0.101517871610418,-4.64785793098148,3.35399777152753e-06,0.00011585353038624
"YEATS2-AS1",6630.30266931311,-0.501545529271925,0.158207647590477,-3.17017247213095,0.0015234847911759,0.0229131052521424
"S100A11P2",5674.25483945636,-0.52828657359221,0.119435861262763,-4.4231821833642,9.72576613620063e-06,0.0002986871196483
"ZC3H15",5625.52724063588,-0.290445510933081,0.0427832911540314,-6.78876035710762,1.13101126200193e-11,8.52853179753329e-10
"RHOQP3",6400.62032553561,-0.34628193458582,0.114434920099897,-3.02601630938816,0.00247798936251946,0.034620114410518
"SGO1",7187.85718316208,-0.705707301542063,0.163994912157121,-4.30322680295067,1.68328377688619e-05,0.000477854559250162
"TMEM44-AS1",5497.71080503455,-0.194979222475535,0.048528650402863,-4.01781670944701,5.87398581393009e-05,0.0014463191601034
"TLE5",6619.62703938059,-0.571034170908998,0.0529620970591018,-10.7819403425768,4.18953728707226e-27,1.02558658428895e-24
"SPATA41",5724.18959134305,-0.195198712331794,0.040756533659401,-4.78938454293128,1.67293619963862e-06,6.07689577378407e-05
"RAB28P3",6047.12986607825,-0.31570685069335,0.0575591646454816,-5.48491022477222,4.13679446916792e-08,1.98507373234987e-06
"RPSAP52",6139.63828069396,-0.270123711009657,0.0932660852622973,-2.89626942365998,0.00377628036234007,0.0492549433206843
"RPL30P11",6153.58006085159,-0.216198881427651,0.0597146697779467,-3.62053214447307,0.000293997720858415,0.00576761382464516
"RNU1-143P",5638.3610597407,-0.209505866807214,0.047830923710238,-4.38013424278423,1.18606217928421e-05,0.000349629603320936
"MORF4L2",6190.95972472124,-0.382512891304021,0.0249773259962869,-15.3144052073823,6.12697981858208e-53,4.70412800525772e-50
"WDR7-OT1",5922.29715295451,-0.312886087471142,0.0951314008960405,-3.28898854136568,0.00100548117077949,0.0164410285146528
"NMNAT1P5",6285.25292155783,-0.348910600117236,0.0367210361422977,-9.50165454932079,2.0658148724671e-21,3.59728649596308e-19
"STON1",6061.07209367144,-0.424943240880669,0.0990106182550808,-4.29189564078762,1.77154209800861e-05,0.000499551211643798
"KIF3B",7177.37812221734,-0.900534357009212,0.213703182896167,-4.21394920190196,2.50943749219883e-05,0.000686983933237122
"XAGE3",6290.95653492748,-0.802613888280283,0.168108943906117,-4.77436755969698,1.8027287159511e-06,6.49251401729852e-05
"TRIM9",7411.14015543264,-0.489513836281021,0.14598867411782,-3.35309460983225,0.000799133849826137,0.0134712274026081
"ZFP28-DT",6904.81712119888,-0.544895594028879,0.0378615800666612,-14.3917816707466,5.82750969248913e-47,3.64564689688273e-44
"STAMBPL1",6851.75439891276,-0.342696681557232,0.0711320850692371,-4.8177511066021,1.45185316473728e-06,5.38972567155546e-05
"SPC25",7308.1753004984,-0.370857711091602,0.102793955428794,-3.60777741789006,0.000308831251632187,0.00597533639326378
"RNU2-1",7243.18213179014,-0.285547381162835,0.0763640813109318,-3.7392891561174,0.000184541357180607,0.00385778225759608
"RPL7AP65",8684.67800021453,-0.946624517199788,0.0912201779252296,-10.3773588117281,3.14351617637821e-25,6.72115591584866e-23
"TACSTD2",6308.14588659879,-0.309765473418645,0.103926661202999,-2.98061604051325,0.00287669226385863,0.0390282803444467
"ZMYM5",6883.97453185879,-0.450209689015696,0.066670227528814,-6.75278464920674,1.45034137467835e-11,1.08396974157929e-09
"USP42",8683.01308400784,-0.596888880776361,0.0894870437697738,-6.67011508740859,2.55602904106652e-11,1.8529565035474e-09
"ZACN",7075.73813314424,-0.215762263601649,0.0418983815727787,-5.14965627555002,2.60964260256436e-07,1.10198682999787e-05
"TRIM46",7050.77225095806,-0.435099339318476,0.0829451780512268,-5.2456254786717,1.55753012062449e-07,6.780916001772e-06
"ZDHHC21",8518.19200493453,-0.344240967792224,0.107598803799324,-3.19930106689892,0.00137761224152347,0.0212378284119699
"ZNF705EP",7976.64066496246,-0.357276027793965,0.119079329721337,-3.00031943940265,0.00269696600555411,0.0370964599347024
"PIGCP1",7161.84021951348,-0.30888440340916,0.067540665528826,-4.57331003463876,4.80078945547113e-06,0.000159626249394415
"ZNF320",7251.69560425937,-0.234197220325944,0.0533197865812621,-4.3923135357831,1.12150805240586e-05,0.000334688913660554
"ZBTB2",7634.95247523585,-0.292836414072197,0.090065955801478,-3.25135520370941,0.00114856263292583,0.0184064245092506
"ZNF468",7357.94663714081,-0.202512969235503,0.0531602585461308,-3.80948051747657,0.000139259078944262,0.0030548377953864
"VCAN-AS1",7441.35224241158,-0.301244277013946,0.0726181324719534,-4.14833412481783,3.34903371679864e-05,0.000888045973476387
"OTUD5",8457.48015986315,-0.382265069102323,0.0692020078598135,-5.5239014144893,3.31553548082737e-08,1.60466217211046e-06
"ZNF710-AS1",9682.35586308957,-0.451451650430106,0.152431965064279,-2.9616599788616,0.00305985487406247,0.0409865255176758
"PKMP5",7500.29913733749,-0.0988501248840914,0.0319046822942118,-3.09829522740695,0.00194637427211682,0.0281715576952229
"SLITRK2",15665.1517192808,-0.945449928130535,0.290264049135138,-3.25720643306524,0.00112514574261234,0.0181079635627318
"ZCCHC24",8393.64478898822,-0.202475188692219,0.0421694825302812,-4.80146249238,1.57511014283375e-06,5.76118598222791e-05
"NDUFA6-DT",8423.78900542881,-0.188076058851956,0.047622867100924,-3.94928046758248,7.83864639115566e-05,0.00187805072614199
"RNU6-322P",7879.69213979976,-0.150337318785599,0.0493322474872641,-3.04744515895837,0.00230795635600357,0.0324864090077136
"PKP2",25696.4080727034,-1.85736682223687,0.316211482207371,-5.87381207434716,4.25886144562456e-09,2.4385230060354e-07
"ZNF628",10262.8998568091,-0.521260032570308,0.0769595627789721,-6.77316780069771,1.25992674610195e-11,9.45841007484803e-10
"RNU6-94P",8274.79182904337,-0.349338713136266,0.117423090753879,-2.97504273557648,0.00292947733464255,0.0396488795348136
"OBSL1",9747.93976254939,-0.370741693186409,0.0591761062401611,-6.26505724593953,3.72688468273744e-10,2.39356688882578e-08
"ZNF658",18951.3245266996,-1.53482382037558,0.211820487256621,-7.24587050220563,4.29670498715021e-13,3.82602178350905e-11
"VANGL1",9565.65340579677,-0.162138785160373,0.0337835741425717,-4.79933782246139,1.59191081631556e-06,5.80755196509421e-05
"SLC25A22",10942.5095215951,-0.366998991365941,0.0708014039464937,-5.18349878546605,2.17761647284819e-07,9.24173865398963e-06
"XPNPEP3",9371.09288622521,-0.194960845406729,0.0520592119043616,-3.74498265100312,0.000180406241912341,0.00378539358029982
"STAC2",8901.9159945085,-0.245855916140956,0.0769302386905186,-3.19582936860506,0.00139429541764892,0.0214539810636201
"VEGFB",10381.830591976,-0.60244656778406,0.0884727558400704,-6.80940208162031,9.80052116606709e-12,7.42334542672821e-10
"TELO2",9925.87320889426,-0.321265601347383,0.067847088506592,-4.73514204395328,2.18901733859246e-06,7.76779240885823e-05
"UQCRB-AS1",10040.1552925132,-0.167183372544098,0.04144434084631,-4.03392523876956,5.48527763444394e-05,0.00136856461629826
"ZNF780A",9607.98796439551,-0.260115982742454,0.0781707920897829,-3.32753418237976,0.000876182391770533,0.0145808835264986
"TXNP4",10718.6943713024,-0.922005769590549,0.246722716847842,-3.73701206508343,0.000186219991405803,0.00388806164998198
"RPS15AP6",11204.1489078872,-0.705643296047394,0.197653860621262,-3.5700961966006,0.000356850157192693,0.00676493378803791
"SLC27A1",11603.2580295787,-0.496605354740151,0.0737225238366164,-6.73614153309138,1.62647863012886e-11,1.1944717626742e-09
"SLC49A4",9475.41776728692,-0.226362094798976,0.0657006894654059,-3.4453534147182,0.000570313198201169,0.0100345419070999
"SF3B2",10620.7590621574,-0.497342126216164,0.144903761702706,-3.43222370746001,0.000598653522845714,0.0104569355267704
"RPS2P28",10229.8345326251,-0.130749850131757,0.0321467006241202,-4.06728676950608,4.75636969262951e-05,0.0012117622998221
"SUSD2",12963.8811096183,-0.764592727974779,0.0351842203822014,-21.7311260465377,1.04215076017305e-104,3.5205936980166e-101
"PDE4A",10584.6384379248,-0.228355219676793,0.0397159191725957,-5.74971508740404,8.9393963058406e-09,4.77833363930233e-07
"TCEANC2",11648.8983375095,-0.161273428720986,0.053913315794633,-2.99134687495962,0.00277749795968394,0.0378955719200497
"P3H2-AS1",10738.2887881275,-0.237265738518837,0.0741100064083341,-3.20153444882384,0.00136697728958169,0.0211443346138501
"RELL2",13844.868171417,-0.26825363446883,0.0881419200836772,-3.04342853223715,0.00233898991368257,0.0328684514409419
"SART3",13000.1709415747,-0.211288719714747,0.0567186345060483,-3.72520815345469,0.00019515411972218,0.00404459906285564
"RPS4XP20",13579.3867398386,-0.365834048889186,0.102587649305438,-3.56606327726621,0.000362383908194572,0.00684678589856209
"SUMO1",13022.2292104377,-0.425618594684803,0.109813067218037,-3.87584652234258,0.000106254645771344,0.0024253340834105
"PCAT1",14571.5300912588,-0.234147820572331,0.0780106976562996,-3.00148348376453,0.00268667613420348,0.0370152092845277
"UNC5B-AS1",17407.840569875,-0.474188993962306,0.034927701364482,-13.5763012004136,5.53519016887317e-42,2.83317870128596e-39
"MIR6762",19078.7668338222,-0.334322701278133,0.0537772557640447,-6.21680479095142,5.07380322804948e-10,3.2097981395125e-08
"SBF1",23018.5427816266,-0.664326756330037,0.0452973794077307,-14.6658982267009,1.06597124872886e-48,6.92512321626119e-46
"PMAIP1",21228.8935313391,-0.257347585896904,0.0769200720438034,-3.34564930919921,0.00082090148652114,0.0137831481201079
"SMIM34",26289.4635140031,-0.24983959200594,0.0430974633288271,-5.79708346404757,6.74781131901963e-09,3.7126150159466e-07
"MRPL17",127811.80807524,-0.928057211859109,0.246386101194365,-3.76667842609757,0.000165433864682806,0.00351932419188575
